dsmod user CN=Testuser001,OU=Zentrale,DC=EON09,DC=local  -disabled yes
dsmod user CN=Testuser002,OU=Zentrale,DC=EON09,DC=local  -disabled yes
dsmod user CN=Testuser003,OU=Zentrale,DC=EON09,DC=local  -disabled yes
dsmod user CN=Testuser004,OU=Zentrale,DC=EON09,DC=local  -disabled yes
dsmod user CN=Testuser005,OU=Zentrale,DC=EON09,DC=local  -disabled yes
dsmod user CN=Testuser006,OU=Zentrale,DC=EON09,DC=local  -disabled yes
dsmod user CN=Testuser007,OU=Zentrale,DC=EON09,DC=local  -disabled yes
dsmod user CN=Testuser008,OU=Zentrale,DC=EON09,DC=local  -disabled yes
dsmod user CN=Testuser009,OU=Zentrale,DC=EON09,DC=local  -disabled yes
dsmod user CN=Testuser010,OU=Zentrale,DC=EON09,DC=local  -disabled yes
dsmod user CN=Testuser011,OU=Zentrale,DC=EON09,DC=local  -disabled yes
dsmod user CN=Testuser012,OU=Zentrale,DC=EON09,DC=local  -disabled yes
dsmod user CN=Testuser013,OU=Zentrale,DC=EON09,DC=local  -disabled yes
dsmod user CN=Testuser014,OU=Zentrale,DC=EON09,DC=local  -disabled yes
dsmod user CN=Testuser015,OU=Zentrale,DC=EON09,DC=local  -disabled yes
dsmod user CN=Testuser016,OU=Zentrale,DC=EON09,DC=local  -disabled yes
dsmod user CN=Testuser017,OU=Zentrale,DC=EON09,DC=local  -disabled yes
dsmod user CN=Testuser018,OU=Zentrale,DC=EON09,DC=local  -disabled yes
dsmod user CN=Testuser019,OU=Zentrale,DC=EON09,DC=local  -disabled yes
dsmod user CN=Testuser020,OU=Zentrale,DC=EON09,DC=local  -disabled yes
dsmod user CN=Testuser021,OU=Zentrale,DC=EON09,DC=local  -disabled yes
dsmod user CN=Testuser022,OU=Zentrale,DC=EON09,DC=local  -disabled yes
dsmod user CN=Testuser023,OU=Zentrale,DC=EON09,DC=local  -disabled yes
dsmod user CN=Testuser024,OU=Zentrale,DC=EON09,DC=local  -disabled yes
dsmod user CN=Testuser025,OU=Zentrale,DC=EON09,DC=local  -disabled yes
dsmod user CN=Testuser026,OU=Zentrale,DC=EON09,DC=local  -disabled yes
dsmod user CN=Testuser027,OU=Zentrale,DC=EON09,DC=local  -disabled yes
dsmod user CN=Testuser028,OU=Zentrale,DC=EON09,DC=local  -disabled yes
dsmod user CN=Testuser029,OU=Zentrale,DC=EON09,DC=local  -disabled yes
dsmod user CN=Testuser030,OU=Zentrale,DC=EON09,DC=local  -disabled yes
dsmod user CN=Testuser031,OU=Zentrale,DC=EON09,DC=local  -disabled yes
dsmod user CN=Testuser032,OU=Zentrale,DC=EON09,DC=local  -disabled yes
dsmod user CN=Testuser033,OU=Zentrale,DC=EON09,DC=local  -disabled yes
dsmod user CN=Testuser034,OU=Zentrale,DC=EON09,DC=local  -disabled yes
dsmod user CN=Testuser035,OU=Zentrale,DC=EON09,DC=local  -disabled yes
dsmod user CN=Testuser036,OU=Zentrale,DC=EON09,DC=local  -disabled yes
dsmod user CN=Testuser037,OU=Zentrale,DC=EON09,DC=local  -disabled yes
dsmod user CN=Testuser038,OU=Zentrale,DC=EON09,DC=local  -disabled yes
dsmod user CN=Testuser039,OU=Zentrale,DC=EON09,DC=local  -disabled yes
dsmod user CN=Testuser040,OU=Zentrale,DC=EON09,DC=local  -disabled yes
dsmod user CN=Testuser041,OU=Zentrale,DC=EON09,DC=local  -disabled yes
dsmod user CN=Testuser042,OU=Zentrale,DC=EON09,DC=local  -disabled yes
dsmod user CN=Testuser043,OU=Zentrale,DC=EON09,DC=local  -disabled yes
dsmod user CN=Testuser044,OU=Zentrale,DC=EON09,DC=local  -disabled yes
dsmod user CN=Testuser045,OU=Zentrale,DC=EON09,DC=local  -disabled yes
dsmod user CN=Testuser046,OU=Zentrale,DC=EON09,DC=local  -disabled yes
dsmod user CN=Testuser047,OU=Zentrale,DC=EON09,DC=local  -disabled yes
dsmod user CN=Testuser048,OU=Zentrale,DC=EON09,DC=local  -disabled yes
dsmod user CN=Testuser049,OU=Zentrale,DC=EON09,DC=local  -disabled yes
dsmod user CN=Testuser050,OU=Zentrale,DC=EON09,DC=local  -disabled yes
dsmod user CN=Testuser051,OU=Zentrale,DC=EON09,DC=local  -disabled yes
dsmod user CN=Testuser052,OU=Zentrale,DC=EON09,DC=local  -disabled yes
dsmod user CN=Testuser053,OU=Zentrale,DC=EON09,DC=local  -disabled yes
dsmod user CN=Testuser054,OU=Zentrale,DC=EON09,DC=local  -disabled yes
dsmod user CN=Testuser055,OU=Zentrale,DC=EON09,DC=local  -disabled yes
dsmod user CN=Testuser056,OU=Zentrale,DC=EON09,DC=local  -disabled yes
dsmod user CN=Testuser057,OU=Zentrale,DC=EON09,DC=local  -disabled yes
dsmod user CN=Testuser058,OU=Zentrale,DC=EON09,DC=local  -disabled yes
dsmod user CN=Testuser059,OU=Zentrale,DC=EON09,DC=local  -disabled yes
dsmod user CN=Testuser060,OU=Zentrale,DC=EON09,DC=local  -disabled yes
dsmod user CN=Testuser061,OU=Zentrale,DC=EON09,DC=local  -disabled yes
dsmod user CN=Testuser062,OU=Zentrale,DC=EON09,DC=local  -disabled yes
dsmod user CN=Testuser063,OU=Zentrale,DC=EON09,DC=local  -disabled yes
dsmod user CN=Testuser064,OU=Zentrale,DC=EON09,DC=local  -disabled yes
dsmod user CN=Testuser065,OU=Zentrale,DC=EON09,DC=local  -disabled yes
dsmod user CN=Testuser066,OU=Zentrale,DC=EON09,DC=local  -disabled yes
dsmod user CN=Testuser067,OU=Zentrale,DC=EON09,DC=local  -disabled yes
dsmod user CN=Testuser068,OU=Zentrale,DC=EON09,DC=local  -disabled yes
dsmod user CN=Testuser069,OU=Zentrale,DC=EON09,DC=local  -disabled yes
dsmod user CN=Testuser070,OU=Zentrale,DC=EON09,DC=local  -disabled yes
dsmod user CN=Testuser071,OU=Zentrale,DC=EON09,DC=local  -disabled yes
dsmod user CN=Testuser072,OU=Zentrale,DC=EON09,DC=local  -disabled yes
dsmod user CN=Testuser073,OU=Zentrale,DC=EON09,DC=local  -disabled yes
dsmod user CN=Testuser074,OU=Zentrale,DC=EON09,DC=local  -disabled yes
dsmod user CN=Testuser075,OU=Zentrale,DC=EON09,DC=local  -disabled yes
dsmod user CN=Testuser076,OU=Zentrale,DC=EON09,DC=local  -disabled yes
dsmod user CN=Testuser077,OU=Zentrale,DC=EON09,DC=local  -disabled yes
dsmod user CN=Testuser078,OU=Zentrale,DC=EON09,DC=local  -disabled yes
dsmod user CN=Testuser079,OU=Zentrale,DC=EON09,DC=local  -disabled yes
dsmod user CN=Testuser080,OU=Zentrale,DC=EON09,DC=local  -disabled yes
dsmod user CN=Testuser081,OU=Zentrale,DC=EON09,DC=local  -disabled yes
dsmod user CN=Testuser082,OU=Zentrale,DC=EON09,DC=local  -disabled yes
dsmod user CN=Testuser083,OU=Zentrale,DC=EON09,DC=local  -disabled yes
dsmod user CN=Testuser084,OU=Zentrale,DC=EON09,DC=local  -disabled yes
dsmod user CN=Testuser085,OU=Zentrale,DC=EON09,DC=local  -disabled yes
dsmod user CN=Testuser086,OU=Zentrale,DC=EON09,DC=local  -disabled yes
dsmod user CN=Testuser087,OU=Zentrale,DC=EON09,DC=local  -disabled yes
dsmod user CN=Testuser088,OU=Zentrale,DC=EON09,DC=local  -disabled yes
dsmod user CN=Testuser089,OU=Zentrale,DC=EON09,DC=local  -disabled yes
dsmod user CN=Testuser090,OU=Zentrale,DC=EON09,DC=local  -disabled yes
dsmod user CN=Testuser091,OU=Zentrale,DC=EON09,DC=local  -disabled yes
dsmod user CN=Testuser092,OU=Zentrale,DC=EON09,DC=local  -disabled yes
dsmod user CN=Testuser093,OU=Zentrale,DC=EON09,DC=local  -disabled yes
dsmod user CN=Testuser094,OU=Zentrale,DC=EON09,DC=local  -disabled yes
dsmod user CN=Testuser095,OU=Zentrale,DC=EON09,DC=local  -disabled yes
dsmod user CN=Testuser096,OU=Zentrale,DC=EON09,DC=local  -disabled yes
dsmod user CN=Testuser097,OU=Zentrale,DC=EON09,DC=local  -disabled yes
dsmod user CN=Testuser098,OU=Zentrale,DC=EON09,DC=local  -disabled yes
dsmod user CN=Testuser099,OU=Zentrale,DC=EON09,DC=local  -disabled yes
dsmod user CN=Testuser100,OU=Zentrale,DC=EON09,DC=local  -disabled yes
dsmod user CN=Testuser101,OU=Zentrale,DC=EON09,DC=local  -disabled yes
dsmod user CN=Testuser102,OU=Zentrale,DC=EON09,DC=local  -disabled yes
dsmod user CN=Testuser103,OU=Zentrale,DC=EON09,DC=local  -disabled yes
dsmod user CN=Testuser104,OU=Zentrale,DC=EON09,DC=local  -disabled yes
dsmod user CN=Testuser105,OU=Zentrale,DC=EON09,DC=local  -disabled yes
dsmod user CN=Testuser106,OU=Zentrale,DC=EON09,DC=local  -disabled yes
dsmod user CN=Testuser107,OU=Zentrale,DC=EON09,DC=local  -disabled yes
dsmod user CN=Testuser108,OU=Zentrale,DC=EON09,DC=local  -disabled yes
dsmod user CN=Testuser109,OU=Zentrale,DC=EON09,DC=local  -disabled yes
dsmod user CN=Testuser110,OU=Zentrale,DC=EON09,DC=local  -disabled yes
dsmod user CN=Testuser111,OU=Zentrale,DC=EON09,DC=local  -disabled yes
dsmod user CN=Testuser112,OU=Zentrale,DC=EON09,DC=local  -disabled yes
dsmod user CN=Testuser113,OU=Zentrale,DC=EON09,DC=local  -disabled yes
dsmod user CN=Testuser114,OU=Zentrale,DC=EON09,DC=local  -disabled yes
dsmod user CN=Testuser115,OU=Zentrale,DC=EON09,DC=local  -disabled yes
dsmod user CN=Testuser116,OU=Zentrale,DC=EON09,DC=local  -disabled yes
dsmod user CN=Testuser117,OU=Zentrale,DC=EON09,DC=local  -disabled yes
dsmod user CN=Testuser118,OU=Zentrale,DC=EON09,DC=local  -disabled yes
dsmod user CN=Testuser119,OU=Zentrale,DC=EON09,DC=local  -disabled yes
dsmod user CN=Testuser120,OU=Zentrale,DC=EON09,DC=local  -disabled yes
dsmod user CN=Testuser121,OU=Zentrale,DC=EON09,DC=local  -disabled yes
dsmod user CN=Testuser122,OU=Zentrale,DC=EON09,DC=local  -disabled yes
dsmod user CN=Testuser123,OU=Zentrale,DC=EON09,DC=local  -disabled yes
dsmod user CN=Testuser124,OU=Zentrale,DC=EON09,DC=local  -disabled yes
dsmod user CN=Testuser125,OU=Zentrale,DC=EON09,DC=local  -disabled yes
dsmod user CN=Testuser126,OU=Zentrale,DC=EON09,DC=local  -disabled yes
dsmod user CN=Testuser127,OU=Zentrale,DC=EON09,DC=local  -disabled yes
dsmod user CN=Testuser128,OU=Zentrale,DC=EON09,DC=local  -disabled yes
dsmod user CN=Testuser129,OU=Zentrale,DC=EON09,DC=local  -disabled yes
dsmod user CN=Testuser130,OU=Zentrale,DC=EON09,DC=local  -disabled yes
dsmod user CN=Testuser131,OU=Zentrale,DC=EON09,DC=local  -disabled yes
dsmod user CN=Testuser132,OU=Zentrale,DC=EON09,DC=local  -disabled yes
dsmod user CN=Testuser133,OU=Zentrale,DC=EON09,DC=local  -disabled yes
dsmod user CN=Testuser134,OU=Zentrale,DC=EON09,DC=local  -disabled yes
dsmod user CN=Testuser135,OU=Zentrale,DC=EON09,DC=local  -disabled yes
dsmod user CN=Testuser136,OU=Zentrale,DC=EON09,DC=local  -disabled yes
dsmod user CN=Testuser137,OU=Zentrale,DC=EON09,DC=local  -disabled yes
dsmod user CN=Testuser138,OU=Zentrale,DC=EON09,DC=local  -disabled yes
dsmod user CN=Testuser139,OU=Zentrale,DC=EON09,DC=local  -disabled yes
dsmod user CN=Testuser140,OU=Zentrale,DC=EON09,DC=local  -disabled yes
dsmod user CN=Testuser141,OU=Zentrale,DC=EON09,DC=local  -disabled yes
dsmod user CN=Testuser142,OU=Zentrale,DC=EON09,DC=local  -disabled yes
dsmod user CN=Testuser143,OU=Zentrale,DC=EON09,DC=local  -disabled yes
dsmod user CN=Testuser144,OU=Zentrale,DC=EON09,DC=local  -disabled yes
dsmod user CN=Testuser145,OU=Zentrale,DC=EON09,DC=local  -disabled yes
dsmod user CN=Testuser146,OU=Zentrale,DC=EON09,DC=local  -disabled yes
dsmod user CN=Testuser147,OU=Zentrale,DC=EON09,DC=local  -disabled yes
dsmod user CN=Testuser148,OU=Zentrale,DC=EON09,DC=local  -disabled yes
dsmod user CN=Testuser149,OU=Zentrale,DC=EON09,DC=local  -disabled yes
dsmod user CN=Testuser150,OU=Zentrale,DC=EON09,DC=local  -disabled yes
dsmod user CN=Testuser151,OU=Zentrale,DC=EON09,DC=local  -disabled yes
dsmod user CN=Testuser152,OU=Zentrale,DC=EON09,DC=local  -disabled yes
dsmod user CN=Testuser153,OU=Zentrale,DC=EON09,DC=local  -disabled yes
dsmod user CN=Testuser154,OU=Zentrale,DC=EON09,DC=local  -disabled yes
dsmod user CN=Testuser155,OU=Zentrale,DC=EON09,DC=local  -disabled yes
dsmod user CN=Testuser156,OU=Zentrale,DC=EON09,DC=local  -disabled yes
dsmod user CN=Testuser157,OU=Zentrale,DC=EON09,DC=local  -disabled yes
dsmod user CN=Testuser158,OU=Zentrale,DC=EON09,DC=local  -disabled yes
dsmod user CN=Testuser159,OU=Zentrale,DC=EON09,DC=local  -disabled yes
dsmod user CN=Testuser160,OU=Zentrale,DC=EON09,DC=local  -disabled yes
dsmod user CN=Testuser161,OU=Zentrale,DC=EON09,DC=local  -disabled yes
dsmod user CN=Testuser162,OU=Zentrale,DC=EON09,DC=local  -disabled yes
dsmod user CN=Testuser163,OU=Zentrale,DC=EON09,DC=local  -disabled yes
dsmod user CN=Testuser164,OU=Zentrale,DC=EON09,DC=local  -disabled yes
dsmod user CN=Testuser165,OU=Zentrale,DC=EON09,DC=local  -disabled yes
dsmod user CN=Testuser166,OU=Zentrale,DC=EON09,DC=local  -disabled yes
dsmod user CN=Testuser167,OU=Zentrale,DC=EON09,DC=local  -disabled yes
dsmod user CN=Testuser168,OU=Zentrale,DC=EON09,DC=local  -disabled yes
dsmod user CN=Testuser169,OU=Zentrale,DC=EON09,DC=local  -disabled yes
dsmod user CN=Testuser170,OU=Zentrale,DC=EON09,DC=local  -disabled yes
dsmod user CN=Testuser171,OU=Zentrale,DC=EON09,DC=local  -disabled yes
dsmod user CN=Testuser172,OU=Zentrale,DC=EON09,DC=local  -disabled yes
dsmod user CN=Testuser173,OU=Zentrale,DC=EON09,DC=local  -disabled yes
dsmod user CN=Testuser174,OU=Zentrale,DC=EON09,DC=local  -disabled yes
dsmod user CN=Testuser175,OU=Zentrale,DC=EON09,DC=local  -disabled yes
dsmod user CN=Testuser176,OU=Zentrale,DC=EON09,DC=local  -disabled yes
dsmod user CN=Testuser177,OU=Zentrale,DC=EON09,DC=local  -disabled yes
dsmod user CN=Testuser178,OU=Zentrale,DC=EON09,DC=local  -disabled yes
dsmod user CN=Testuser179,OU=Zentrale,DC=EON09,DC=local  -disabled yes
dsmod user CN=Testuser180,OU=Zentrale,DC=EON09,DC=local  -disabled yes
dsmod user CN=Testuser181,OU=Zentrale,DC=EON09,DC=local  -disabled yes
dsmod user CN=Testuser182,OU=Zentrale,DC=EON09,DC=local  -disabled yes
dsmod user CN=Testuser183,OU=Zentrale,DC=EON09,DC=local  -disabled yes
dsmod user CN=Testuser184,OU=Zentrale,DC=EON09,DC=local  -disabled yes
dsmod user CN=Testuser185,OU=Zentrale,DC=EON09,DC=local  -disabled yes
dsmod user CN=Testuser186,OU=Zentrale,DC=EON09,DC=local  -disabled yes
dsmod user CN=Testuser187,OU=Zentrale,DC=EON09,DC=local  -disabled yes
dsmod user CN=Testuser188,OU=Zentrale,DC=EON09,DC=local  -disabled yes
dsmod user CN=Testuser189,OU=Zentrale,DC=EON09,DC=local  -disabled yes
dsmod user CN=Testuser190,OU=Zentrale,DC=EON09,DC=local  -disabled yes
dsmod user CN=Testuser191,OU=Zentrale,DC=EON09,DC=local  -disabled yes
dsmod user CN=Testuser192,OU=Zentrale,DC=EON09,DC=local  -disabled yes
dsmod user CN=Testuser193,OU=Zentrale,DC=EON09,DC=local  -disabled yes
dsmod user CN=Testuser194,OU=Zentrale,DC=EON09,DC=local  -disabled yes
dsmod user CN=Testuser195,OU=Zentrale,DC=EON09,DC=local  -disabled yes
dsmod user CN=Testuser196,OU=Zentrale,DC=EON09,DC=local  -disabled yes
dsmod user CN=Testuser197,OU=Zentrale,DC=EON09,DC=local  -disabled yes
dsmod user CN=Testuser198,OU=Zentrale,DC=EON09,DC=local  -disabled yes
dsmod user CN=Testuser199,OU=Zentrale,DC=EON09,DC=local  -disabled yes
dsmod user CN=Testuser200,OU=Zentrale,DC=EON09,DC=local  -disabled yes
dsmod user CN=Testuser201,OU=Zentrale,DC=EON09,DC=local  -disabled yes
dsmod user CN=Testuser202,OU=Zentrale,DC=EON09,DC=local  -disabled yes
dsmod user CN=Testuser203,OU=Zentrale,DC=EON09,DC=local  -disabled yes
dsmod user CN=Testuser204,OU=Zentrale,DC=EON09,DC=local  -disabled yes
dsmod user CN=Testuser205,OU=Zentrale,DC=EON09,DC=local  -disabled yes
dsmod user CN=Testuser206,OU=Zentrale,DC=EON09,DC=local  -disabled yes
dsmod user CN=Testuser207,OU=Zentrale,DC=EON09,DC=local  -disabled yes
dsmod user CN=Testuser208,OU=Zentrale,DC=EON09,DC=local  -disabled yes
dsmod user CN=Testuser209,OU=Zentrale,DC=EON09,DC=local  -disabled yes
dsmod user CN=Testuser210,OU=Zentrale,DC=EON09,DC=local  -disabled yes
dsmod user CN=Testuser211,OU=Zentrale,DC=EON09,DC=local  -disabled yes
dsmod user CN=Testuser212,OU=Zentrale,DC=EON09,DC=local  -disabled yes
dsmod user CN=Testuser213,OU=Zentrale,DC=EON09,DC=local  -disabled yes
dsmod user CN=Testuser214,OU=Zentrale,DC=EON09,DC=local  -disabled yes
dsmod user CN=Testuser215,OU=Zentrale,DC=EON09,DC=local  -disabled yes
dsmod user CN=Testuser216,OU=Zentrale,DC=EON09,DC=local  -disabled yes
dsmod user CN=Testuser217,OU=Zentrale,DC=EON09,DC=local  -disabled yes
dsmod user CN=Testuser218,OU=Zentrale,DC=EON09,DC=local  -disabled yes
dsmod user CN=Testuser219,OU=Zentrale,DC=EON09,DC=local  -disabled yes
dsmod user CN=Testuser220,OU=Zentrale,DC=EON09,DC=local  -disabled yes
dsmod user CN=Testuser221,OU=Zentrale,DC=EON09,DC=local  -disabled yes
dsmod user CN=Testuser222,OU=Zentrale,DC=EON09,DC=local  -disabled yes
dsmod user CN=Testuser223,OU=Zentrale,DC=EON09,DC=local  -disabled yes
dsmod user CN=Testuser224,OU=Zentrale,DC=EON09,DC=local  -disabled yes
dsmod user CN=Testuser225,OU=Zentrale,DC=EON09,DC=local  -disabled yes
dsmod user CN=Testuser226,OU=Zentrale,DC=EON09,DC=local  -disabled yes
dsmod user CN=Testuser227,OU=Zentrale,DC=EON09,DC=local  -disabled yes
dsmod user CN=Testuser228,OU=Zentrale,DC=EON09,DC=local  -disabled yes
dsmod user CN=Testuser229,OU=Zentrale,DC=EON09,DC=local  -disabled yes
dsmod user CN=Testuser230,OU=Zentrale,DC=EON09,DC=local  -disabled yes
dsmod user CN=Testuser231,OU=Zentrale,DC=EON09,DC=local  -disabled yes
dsmod user CN=Testuser232,OU=Zentrale,DC=EON09,DC=local  -disabled yes
dsmod user CN=Testuser233,OU=Zentrale,DC=EON09,DC=local  -disabled yes
dsmod user CN=Testuser234,OU=Zentrale,DC=EON09,DC=local  -disabled yes
dsmod user CN=Testuser235,OU=Zentrale,DC=EON09,DC=local  -disabled yes
dsmod user CN=Testuser236,OU=Zentrale,DC=EON09,DC=local  -disabled yes
dsmod user CN=Testuser237,OU=Zentrale,DC=EON09,DC=local  -disabled yes
dsmod user CN=Testuser238,OU=Zentrale,DC=EON09,DC=local  -disabled yes
dsmod user CN=Testuser239,OU=Zentrale,DC=EON09,DC=local  -disabled yes
dsmod user CN=Testuser240,OU=Zentrale,DC=EON09,DC=local  -disabled yes
dsmod user CN=Testuser241,OU=Zentrale,DC=EON09,DC=local  -disabled yes
dsmod user CN=Testuser242,OU=Zentrale,DC=EON09,DC=local  -disabled yes
dsmod user CN=Testuser243,OU=Zentrale,DC=EON09,DC=local  -disabled yes
dsmod user CN=Testuser244,OU=Zentrale,DC=EON09,DC=local  -disabled yes
dsmod user CN=Testuser245,OU=Zentrale,DC=EON09,DC=local  -disabled yes
dsmod user CN=Testuser246,OU=Zentrale,DC=EON09,DC=local  -disabled yes
dsmod user CN=Testuser247,OU=Zentrale,DC=EON09,DC=local  -disabled yes
dsmod user CN=Testuser248,OU=Zentrale,DC=EON09,DC=local  -disabled yes
dsmod user CN=Testuser249,OU=Zentrale,DC=EON09,DC=local  -disabled yes
dsmod user CN=Testuser250,OU=Zentrale,DC=EON09,DC=local  -disabled yes
dsmod user CN=Testuser251,OU=Zentrale,DC=EON09,DC=local  -disabled yes
dsmod user CN=Testuser252,OU=Zentrale,DC=EON09,DC=local  -disabled yes
dsmod user CN=Testuser253,OU=Zentrale,DC=EON09,DC=local  -disabled yes
dsmod user CN=Testuser254,OU=Zentrale,DC=EON09,DC=local  -disabled yes
dsmod user CN=Testuser255,OU=Zentrale,DC=EON09,DC=local  -disabled yes
dsmod user CN=Testuser256,OU=Zentrale,DC=EON09,DC=local  -disabled yes
dsmod user CN=Testuser257,OU=Zentrale,DC=EON09,DC=local  -disabled yes
dsmod user CN=Testuser258,OU=Zentrale,DC=EON09,DC=local  -disabled yes
dsmod user CN=Testuser259,OU=Zentrale,DC=EON09,DC=local  -disabled yes
dsmod user CN=Testuser260,OU=Zentrale,DC=EON09,DC=local  -disabled yes
dsmod user CN=Testuser261,OU=Zentrale,DC=EON09,DC=local  -disabled yes
dsmod user CN=Testuser262,OU=Zentrale,DC=EON09,DC=local  -disabled yes
dsmod user CN=Testuser263,OU=Zentrale,DC=EON09,DC=local  -disabled yes
dsmod user CN=Testuser264,OU=Zentrale,DC=EON09,DC=local  -disabled yes
dsmod user CN=Testuser265,OU=Zentrale,DC=EON09,DC=local  -disabled yes
dsmod user CN=Testuser266,OU=Zentrale,DC=EON09,DC=local  -disabled yes
dsmod user CN=Testuser267,OU=Zentrale,DC=EON09,DC=local  -disabled yes
dsmod user CN=Testuser268,OU=Zentrale,DC=EON09,DC=local  -disabled yes
dsmod user CN=Testuser269,OU=Zentrale,DC=EON09,DC=local  -disabled yes
dsmod user CN=Testuser270,OU=Zentrale,DC=EON09,DC=local  -disabled yes
dsmod user CN=Testuser271,OU=Zentrale,DC=EON09,DC=local  -disabled yes
dsmod user CN=Testuser272,OU=Zentrale,DC=EON09,DC=local  -disabled yes
dsmod user CN=Testuser273,OU=Zentrale,DC=EON09,DC=local  -disabled yes
dsmod user CN=Testuser274,OU=Zentrale,DC=EON09,DC=local  -disabled yes
dsmod user CN=Testuser275,OU=Zentrale,DC=EON09,DC=local  -disabled yes
dsmod user CN=Testuser276,OU=Zentrale,DC=EON09,DC=local  -disabled yes
dsmod user CN=Testuser277,OU=Zentrale,DC=EON09,DC=local  -disabled yes
dsmod user CN=Testuser278,OU=Zentrale,DC=EON09,DC=local  -disabled yes
dsmod user CN=Testuser279,OU=Zentrale,DC=EON09,DC=local  -disabled yes
dsmod user CN=Testuser280,OU=Zentrale,DC=EON09,DC=local  -disabled yes
dsmod user CN=Testuser281,OU=Zentrale,DC=EON09,DC=local  -disabled yes
dsmod user CN=Testuser282,OU=Zentrale,DC=EON09,DC=local  -disabled yes
dsmod user CN=Testuser283,OU=Zentrale,DC=EON09,DC=local  -disabled yes
dsmod user CN=Testuser284,OU=Zentrale,DC=EON09,DC=local  -disabled yes
dsmod user CN=Testuser285,OU=Zentrale,DC=EON09,DC=local  -disabled yes
dsmod user CN=Testuser286,OU=Zentrale,DC=EON09,DC=local  -disabled yes
dsmod user CN=Testuser287,OU=Zentrale,DC=EON09,DC=local  -disabled yes
dsmod user CN=Testuser288,OU=Zentrale,DC=EON09,DC=local  -disabled yes
dsmod user CN=Testuser289,OU=Zentrale,DC=EON09,DC=local  -disabled yes
dsmod user CN=Testuser290,OU=Zentrale,DC=EON09,DC=local  -disabled yes
dsmod user CN=Testuser291,OU=Zentrale,DC=EON09,DC=local  -disabled yes
dsmod user CN=Testuser292,OU=Zentrale,DC=EON09,DC=local  -disabled yes
dsmod user CN=Testuser293,OU=Zentrale,DC=EON09,DC=local  -disabled yes
dsmod user CN=Testuser294,OU=Zentrale,DC=EON09,DC=local  -disabled yes
dsmod user CN=Testuser295,OU=Zentrale,DC=EON09,DC=local  -disabled yes
dsmod user CN=Testuser296,OU=Zentrale,DC=EON09,DC=local  -disabled yes
dsmod user CN=Testuser297,OU=Zentrale,DC=EON09,DC=local  -disabled yes
dsmod user CN=Testuser298,OU=Zentrale,DC=EON09,DC=local  -disabled yes
dsmod user CN=Testuser299,OU=Zentrale,DC=EON09,DC=local  -disabled yes
dsmod user CN=Testuser300,OU=Zentrale,DC=EON09,DC=local  -disabled yes
dsmod user CN=Testuser301,OU=Zentrale,DC=EON09,DC=local  -disabled yes
dsmod user CN=Testuser302,OU=Zentrale,DC=EON09,DC=local  -disabled yes
dsmod user CN=Testuser303,OU=Zentrale,DC=EON09,DC=local  -disabled yes
dsmod user CN=Testuser304,OU=Zentrale,DC=EON09,DC=local  -disabled yes
dsmod user CN=Testuser305,OU=Zentrale,DC=EON09,DC=local  -disabled yes
dsmod user CN=Testuser306,OU=Zentrale,DC=EON09,DC=local  -disabled yes
dsmod user CN=Testuser307,OU=Zentrale,DC=EON09,DC=local  -disabled yes
dsmod user CN=Testuser308,OU=Zentrale,DC=EON09,DC=local  -disabled yes
dsmod user CN=Testuser309,OU=Zentrale,DC=EON09,DC=local  -disabled yes
dsmod user CN=Testuser310,OU=Zentrale,DC=EON09,DC=local  -disabled yes
dsmod user CN=Testuser311,OU=Zentrale,DC=EON09,DC=local  -disabled yes
dsmod user CN=Testuser312,OU=Zentrale,DC=EON09,DC=local  -disabled yes
dsmod user CN=Testuser313,OU=Zentrale,DC=EON09,DC=local  -disabled yes
dsmod user CN=Testuser314,OU=Zentrale,DC=EON09,DC=local  -disabled yes
dsmod user CN=Testuser315,OU=Zentrale,DC=EON09,DC=local  -disabled yes
dsmod user CN=Testuser316,OU=Zentrale,DC=EON09,DC=local  -disabled yes
dsmod user CN=Testuser317,OU=Zentrale,DC=EON09,DC=local  -disabled yes
dsmod user CN=Testuser318,OU=Zentrale,DC=EON09,DC=local  -disabled yes
dsmod user CN=Testuser319,OU=Zentrale,DC=EON09,DC=local  -disabled yes
dsmod user CN=Testuser320,OU=Zentrale,DC=EON09,DC=local  -disabled yes
dsmod user CN=Testuser321,OU=Zentrale,DC=EON09,DC=local  -disabled yes
dsmod user CN=Testuser322,OU=Zentrale,DC=EON09,DC=local  -disabled yes
dsmod user CN=Testuser323,OU=Zentrale,DC=EON09,DC=local  -disabled yes
dsmod user CN=Testuser324,OU=Zentrale,DC=EON09,DC=local  -disabled yes
dsmod user CN=Testuser325,OU=Zentrale,DC=EON09,DC=local  -disabled yes
dsmod user CN=Testuser326,OU=Zentrale,DC=EON09,DC=local  -disabled yes
dsmod user CN=Testuser327,OU=Zentrale,DC=EON09,DC=local  -disabled yes
dsmod user CN=Testuser328,OU=Zentrale,DC=EON09,DC=local  -disabled yes
dsmod user CN=Testuser329,OU=Zentrale,DC=EON09,DC=local  -disabled yes
dsmod user CN=Testuser330,OU=Zentrale,DC=EON09,DC=local  -disabled yes
dsmod user CN=Testuser331,OU=Zentrale,DC=EON09,DC=local  -disabled yes
dsmod user CN=Testuser332,OU=Zentrale,DC=EON09,DC=local  -disabled yes
dsmod user CN=Testuser333,OU=Zentrale,DC=EON09,DC=local  -disabled yes
dsmod user CN=Testuser334,OU=Zentrale,DC=EON09,DC=local  -disabled yes
dsmod user CN=Testuser335,OU=Zentrale,DC=EON09,DC=local  -disabled yes
dsmod user CN=Testuser336,OU=Zentrale,DC=EON09,DC=local  -disabled yes
dsmod user CN=Testuser337,OU=Zentrale,DC=EON09,DC=local  -disabled yes
dsmod user CN=Testuser338,OU=Zentrale,DC=EON09,DC=local  -disabled yes
dsmod user CN=Testuser339,OU=Zentrale,DC=EON09,DC=local  -disabled yes
dsmod user CN=Testuser340,OU=Zentrale,DC=EON09,DC=local  -disabled yes
dsmod user CN=Testuser341,OU=Zentrale,DC=EON09,DC=local  -disabled yes
dsmod user CN=Testuser342,OU=Zentrale,DC=EON09,DC=local  -disabled yes
dsmod user CN=Testuser343,OU=Zentrale,DC=EON09,DC=local  -disabled yes
dsmod user CN=Testuser344,OU=Zentrale,DC=EON09,DC=local  -disabled yes
dsmod user CN=Testuser345,OU=Zentrale,DC=EON09,DC=local  -disabled yes
dsmod user CN=Testuser346,OU=Zentrale,DC=EON09,DC=local  -disabled yes
dsmod user CN=Testuser347,OU=Zentrale,DC=EON09,DC=local  -disabled yes
dsmod user CN=Testuser348,OU=Zentrale,DC=EON09,DC=local  -disabled yes
dsmod user CN=Testuser349,OU=Zentrale,DC=EON09,DC=local  -disabled yes
dsmod user CN=Testuser350,OU=Zentrale,DC=EON09,DC=local  -disabled yes
dsmod user CN=Testuser351,OU=Zentrale,DC=EON09,DC=local  -disabled yes
dsmod user CN=Testuser352,OU=Zentrale,DC=EON09,DC=local  -disabled yes
dsmod user CN=Testuser353,OU=Zentrale,DC=EON09,DC=local  -disabled yes
dsmod user CN=Testuser354,OU=Zentrale,DC=EON09,DC=local  -disabled yes
dsmod user CN=Testuser355,OU=Zentrale,DC=EON09,DC=local  -disabled yes
dsmod user CN=Testuser356,OU=Zentrale,DC=EON09,DC=local  -disabled yes
dsmod user CN=Testuser357,OU=Zentrale,DC=EON09,DC=local  -disabled yes
dsmod user CN=Testuser358,OU=Zentrale,DC=EON09,DC=local  -disabled yes
dsmod user CN=Testuser359,OU=Zentrale,DC=EON09,DC=local  -disabled yes
dsmod user CN=Testuser360,OU=Zentrale,DC=EON09,DC=local  -disabled yes
dsmod user CN=Testuser361,OU=Zentrale,DC=EON09,DC=local  -disabled yes
dsmod user CN=Testuser362,OU=Zentrale,DC=EON09,DC=local  -disabled yes
dsmod user CN=Testuser363,OU=Zentrale,DC=EON09,DC=local  -disabled yes
dsmod user CN=Testuser364,OU=Zentrale,DC=EON09,DC=local  -disabled yes
dsmod user CN=Testuser365,OU=Zentrale,DC=EON09,DC=local  -disabled yes
dsmod user CN=Testuser366,OU=Zentrale,DC=EON09,DC=local  -disabled yes
dsmod user CN=Testuser367,OU=Zentrale,DC=EON09,DC=local  -disabled yes
dsmod user CN=Testuser368,OU=Zentrale,DC=EON09,DC=local  -disabled yes
dsmod user CN=Testuser369,OU=Zentrale,DC=EON09,DC=local  -disabled yes
dsmod user CN=Testuser370,OU=Zentrale,DC=EON09,DC=local  -disabled yes
dsmod user CN=Testuser371,OU=Zentrale,DC=EON09,DC=local  -disabled yes
dsmod user CN=Testuser372,OU=Zentrale,DC=EON09,DC=local  -disabled yes
dsmod user CN=Testuser373,OU=Zentrale,DC=EON09,DC=local  -disabled yes
dsmod user CN=Testuser374,OU=Zentrale,DC=EON09,DC=local  -disabled yes
dsmod user CN=Testuser375,OU=Zentrale,DC=EON09,DC=local  -disabled yes
dsmod user CN=Testuser376,OU=Zentrale,DC=EON09,DC=local  -disabled yes
dsmod user CN=Testuser377,OU=Zentrale,DC=EON09,DC=local  -disabled yes
dsmod user CN=Testuser378,OU=Zentrale,DC=EON09,DC=local  -disabled yes
dsmod user CN=Testuser379,OU=Zentrale,DC=EON09,DC=local  -disabled yes
dsmod user CN=Testuser380,OU=Zentrale,DC=EON09,DC=local  -disabled yes
dsmod user CN=Testuser381,OU=Zentrale,DC=EON09,DC=local  -disabled yes
dsmod user CN=Testuser382,OU=Zentrale,DC=EON09,DC=local  -disabled yes
dsmod user CN=Testuser383,OU=Zentrale,DC=EON09,DC=local  -disabled yes
dsmod user CN=Testuser384,OU=Zentrale,DC=EON09,DC=local  -disabled yes
dsmod user CN=Testuser385,OU=Zentrale,DC=EON09,DC=local  -disabled yes
dsmod user CN=Testuser386,OU=Zentrale,DC=EON09,DC=local  -disabled yes
dsmod user CN=Testuser387,OU=Zentrale,DC=EON09,DC=local  -disabled yes
dsmod user CN=Testuser388,OU=Zentrale,DC=EON09,DC=local  -disabled yes
dsmod user CN=Testuser389,OU=Zentrale,DC=EON09,DC=local  -disabled yes
dsmod user CN=Testuser390,OU=Zentrale,DC=EON09,DC=local  -disabled yes
dsmod user CN=Testuser391,OU=Zentrale,DC=EON09,DC=local  -disabled yes
dsmod user CN=Testuser392,OU=Zentrale,DC=EON09,DC=local  -disabled yes
dsmod user CN=Testuser393,OU=Zentrale,DC=EON09,DC=local  -disabled yes
dsmod user CN=Testuser394,OU=Zentrale,DC=EON09,DC=local  -disabled yes
dsmod user CN=Testuser395,OU=Zentrale,DC=EON09,DC=local  -disabled yes
dsmod user CN=Testuser396,OU=Zentrale,DC=EON09,DC=local  -disabled yes
dsmod user CN=Testuser397,OU=Zentrale,DC=EON09,DC=local  -disabled yes
dsmod user CN=Testuser398,OU=Zentrale,DC=EON09,DC=local  -disabled yes
dsmod user CN=Testuser399,OU=Zentrale,DC=EON09,DC=local  -disabled yes
dsmod user CN=Testuser400,OU=Zentrale,DC=EON09,DC=local  -disabled yes
dsmod user CN=Testuser401,OU=Zentrale,DC=EON09,DC=local  -disabled yes
dsmod user CN=Testuser402,OU=Zentrale,DC=EON09,DC=local  -disabled yes
dsmod user CN=Testuser403,OU=Zentrale,DC=EON09,DC=local  -disabled yes
dsmod user CN=Testuser404,OU=Zentrale,DC=EON09,DC=local  -disabled yes
dsmod user CN=Testuser405,OU=Zentrale,DC=EON09,DC=local  -disabled yes
dsmod user CN=Testuser406,OU=Zentrale,DC=EON09,DC=local  -disabled yes
dsmod user CN=Testuser407,OU=Zentrale,DC=EON09,DC=local  -disabled yes
dsmod user CN=Testuser408,OU=Zentrale,DC=EON09,DC=local  -disabled yes
dsmod user CN=Testuser409,OU=Zentrale,DC=EON09,DC=local  -disabled yes
dsmod user CN=Testuser410,OU=Zentrale,DC=EON09,DC=local  -disabled yes
dsmod user CN=Testuser411,OU=Zentrale,DC=EON09,DC=local  -disabled yes
dsmod user CN=Testuser412,OU=Zentrale,DC=EON09,DC=local  -disabled yes
dsmod user CN=Testuser413,OU=Zentrale,DC=EON09,DC=local  -disabled yes
dsmod user CN=Testuser414,OU=Zentrale,DC=EON09,DC=local  -disabled yes
dsmod user CN=Testuser415,OU=Zentrale,DC=EON09,DC=local  -disabled yes
dsmod user CN=Testuser416,OU=Zentrale,DC=EON09,DC=local  -disabled yes
dsmod user CN=Testuser417,OU=Zentrale,DC=EON09,DC=local  -disabled yes
dsmod user CN=Testuser418,OU=Zentrale,DC=EON09,DC=local  -disabled yes
dsmod user CN=Testuser419,OU=Zentrale,DC=EON09,DC=local  -disabled yes
dsmod user CN=Testuser420,OU=Zentrale,DC=EON09,DC=local  -disabled yes
dsmod user CN=Testuser421,OU=Zentrale,DC=EON09,DC=local  -disabled yes
dsmod user CN=Testuser422,OU=Zentrale,DC=EON09,DC=local  -disabled yes
dsmod user CN=Testuser423,OU=Zentrale,DC=EON09,DC=local  -disabled yes
dsmod user CN=Testuser424,OU=Zentrale,DC=EON09,DC=local  -disabled yes
dsmod user CN=Testuser425,OU=Zentrale,DC=EON09,DC=local  -disabled yes
dsmod user CN=Testuser426,OU=Zentrale,DC=EON09,DC=local  -disabled yes
dsmod user CN=Testuser427,OU=Zentrale,DC=EON09,DC=local  -disabled yes
dsmod user CN=Testuser428,OU=Zentrale,DC=EON09,DC=local  -disabled yes
dsmod user CN=Testuser429,OU=Zentrale,DC=EON09,DC=local  -disabled yes
dsmod user CN=Testuser430,OU=Zentrale,DC=EON09,DC=local  -disabled yes
dsmod user CN=Testuser431,OU=Zentrale,DC=EON09,DC=local  -disabled yes
dsmod user CN=Testuser432,OU=Zentrale,DC=EON09,DC=local  -disabled yes
dsmod user CN=Testuser433,OU=Zentrale,DC=EON09,DC=local  -disabled yes
dsmod user CN=Testuser434,OU=Zentrale,DC=EON09,DC=local  -disabled yes
dsmod user CN=Testuser435,OU=Zentrale,DC=EON09,DC=local  -disabled yes
dsmod user CN=Testuser436,OU=Zentrale,DC=EON09,DC=local  -disabled yes
dsmod user CN=Testuser437,OU=Zentrale,DC=EON09,DC=local  -disabled yes
dsmod user CN=Testuser438,OU=Zentrale,DC=EON09,DC=local  -disabled yes
dsmod user CN=Testuser439,OU=Zentrale,DC=EON09,DC=local  -disabled yes
dsmod user CN=Testuser440,OU=Zentrale,DC=EON09,DC=local  -disabled yes
dsmod user CN=Testuser441,OU=Zentrale,DC=EON09,DC=local  -disabled yes
dsmod user CN=Testuser442,OU=Zentrale,DC=EON09,DC=local  -disabled yes
dsmod user CN=Testuser443,OU=Zentrale,DC=EON09,DC=local  -disabled yes
dsmod user CN=Testuser444,OU=Zentrale,DC=EON09,DC=local  -disabled yes
dsmod user CN=Testuser445,OU=Zentrale,DC=EON09,DC=local  -disabled yes
dsmod user CN=Testuser446,OU=Zentrale,DC=EON09,DC=local  -disabled yes
dsmod user CN=Testuser447,OU=Zentrale,DC=EON09,DC=local  -disabled yes
dsmod user CN=Testuser448,OU=Zentrale,DC=EON09,DC=local  -disabled yes
dsmod user CN=Testuser449,OU=Zentrale,DC=EON09,DC=local  -disabled yes
dsmod user CN=Testuser450,OU=Zentrale,DC=EON09,DC=local  -disabled yes
dsmod user CN=Testuser451,OU=Zentrale,DC=EON09,DC=local  -disabled yes
dsmod user CN=Testuser452,OU=Zentrale,DC=EON09,DC=local  -disabled yes
dsmod user CN=Testuser453,OU=Zentrale,DC=EON09,DC=local  -disabled yes
dsmod user CN=Testuser454,OU=Zentrale,DC=EON09,DC=local  -disabled yes
dsmod user CN=Testuser455,OU=Zentrale,DC=EON09,DC=local  -disabled yes
dsmod user CN=Testuser456,OU=Zentrale,DC=EON09,DC=local  -disabled yes
dsmod user CN=Testuser457,OU=Zentrale,DC=EON09,DC=local  -disabled yes
dsmod user CN=Testuser458,OU=Zentrale,DC=EON09,DC=local  -disabled yes
dsmod user CN=Testuser459,OU=Zentrale,DC=EON09,DC=local  -disabled yes
dsmod user CN=Testuser460,OU=Zentrale,DC=EON09,DC=local  -disabled yes
dsmod user CN=Testuser461,OU=Zentrale,DC=EON09,DC=local  -disabled yes
dsmod user CN=Testuser462,OU=Zentrale,DC=EON09,DC=local  -disabled yes
dsmod user CN=Testuser463,OU=Zentrale,DC=EON09,DC=local  -disabled yes
dsmod user CN=Testuser464,OU=Zentrale,DC=EON09,DC=local  -disabled yes
dsmod user CN=Testuser465,OU=Zentrale,DC=EON09,DC=local  -disabled yes
dsmod user CN=Testuser466,OU=Zentrale,DC=EON09,DC=local  -disabled yes
dsmod user CN=Testuser467,OU=Zentrale,DC=EON09,DC=local  -disabled yes
dsmod user CN=Testuser468,OU=Zentrale,DC=EON09,DC=local  -disabled yes
dsmod user CN=Testuser469,OU=Zentrale,DC=EON09,DC=local  -disabled yes
dsmod user CN=Testuser470,OU=Zentrale,DC=EON09,DC=local  -disabled yes
dsmod user CN=Testuser471,OU=Zentrale,DC=EON09,DC=local  -disabled yes
dsmod user CN=Testuser472,OU=Zentrale,DC=EON09,DC=local  -disabled yes
dsmod user CN=Testuser473,OU=Zentrale,DC=EON09,DC=local  -disabled yes
dsmod user CN=Testuser474,OU=Zentrale,DC=EON09,DC=local  -disabled yes
dsmod user CN=Testuser475,OU=Zentrale,DC=EON09,DC=local  -disabled yes
dsmod user CN=Testuser476,OU=Zentrale,DC=EON09,DC=local  -disabled yes
dsmod user CN=Testuser477,OU=Zentrale,DC=EON09,DC=local  -disabled yes
dsmod user CN=Testuser478,OU=Zentrale,DC=EON09,DC=local  -disabled yes
dsmod user CN=Testuser479,OU=Zentrale,DC=EON09,DC=local  -disabled yes
dsmod user CN=Testuser480,OU=Zentrale,DC=EON09,DC=local  -disabled yes
dsmod user CN=Testuser481,OU=Zentrale,DC=EON09,DC=local  -disabled yes
dsmod user CN=Testuser482,OU=Zentrale,DC=EON09,DC=local  -disabled yes
dsmod user CN=Testuser483,OU=Zentrale,DC=EON09,DC=local  -disabled yes
dsmod user CN=Testuser484,OU=Zentrale,DC=EON09,DC=local  -disabled yes
dsmod user CN=Testuser485,OU=Zentrale,DC=EON09,DC=local  -disabled yes
dsmod user CN=Testuser486,OU=Zentrale,DC=EON09,DC=local  -disabled yes
dsmod user CN=Testuser487,OU=Zentrale,DC=EON09,DC=local  -disabled yes
dsmod user CN=Testuser488,OU=Zentrale,DC=EON09,DC=local  -disabled yes
dsmod user CN=Testuser489,OU=Zentrale,DC=EON09,DC=local  -disabled yes
dsmod user CN=Testuser490,OU=Zentrale,DC=EON09,DC=local  -disabled yes
dsmod user CN=Testuser491,OU=Zentrale,DC=EON09,DC=local  -disabled yes
dsmod user CN=Testuser492,OU=Zentrale,DC=EON09,DC=local  -disabled yes
dsmod user CN=Testuser493,OU=Zentrale,DC=EON09,DC=local  -disabled yes
dsmod user CN=Testuser494,OU=Zentrale,DC=EON09,DC=local  -disabled yes
dsmod user CN=Testuser495,OU=Zentrale,DC=EON09,DC=local  -disabled yes
dsmod user CN=Testuser496,OU=Zentrale,DC=EON09,DC=local  -disabled yes
dsmod user CN=Testuser497,OU=Zentrale,DC=EON09,DC=local  -disabled yes
dsmod user CN=Testuser498,OU=Zentrale,DC=EON09,DC=local  -disabled yes
dsmod user CN=Testuser499,OU=Zentrale,DC=EON09,DC=local  -disabled yes
dsmod user CN=Testuser500,OU=Zentrale,DC=EON09,DC=local  -disabled yes
dsmod user CN=Testuser501,OU=Zentrale,DC=EON09,DC=local  -disabled yes
dsmod user CN=Testuser502,OU=Zentrale,DC=EON09,DC=local  -disabled yes
dsmod user CN=Testuser503,OU=Zentrale,DC=EON09,DC=local  -disabled yes
dsmod user CN=Testuser504,OU=Zentrale,DC=EON09,DC=local  -disabled yes
dsmod user CN=Testuser505,OU=Zentrale,DC=EON09,DC=local  -disabled yes
dsmod user CN=Testuser506,OU=Zentrale,DC=EON09,DC=local  -disabled yes
dsmod user CN=Testuser507,OU=Zentrale,DC=EON09,DC=local  -disabled yes
dsmod user CN=Testuser508,OU=Zentrale,DC=EON09,DC=local  -disabled yes
dsmod user CN=Testuser509,OU=Zentrale,DC=EON09,DC=local  -disabled yes
dsmod user CN=Testuser510,OU=Zentrale,DC=EON09,DC=local  -disabled yes
dsmod user CN=Testuser511,OU=Zentrale,DC=EON09,DC=local  -disabled yes
dsmod user CN=Testuser512,OU=Zentrale,DC=EON09,DC=local  -disabled yes
dsmod user CN=Testuser513,OU=Zentrale,DC=EON09,DC=local  -disabled yes
dsmod user CN=Testuser514,OU=Zentrale,DC=EON09,DC=local  -disabled yes
dsmod user CN=Testuser515,OU=Zentrale,DC=EON09,DC=local  -disabled yes
dsmod user CN=Testuser516,OU=Zentrale,DC=EON09,DC=local  -disabled yes
dsmod user CN=Testuser517,OU=Zentrale,DC=EON09,DC=local  -disabled yes
dsmod user CN=Testuser518,OU=Zentrale,DC=EON09,DC=local  -disabled yes
dsmod user CN=Testuser519,OU=Zentrale,DC=EON09,DC=local  -disabled yes
dsmod user CN=Testuser520,OU=Zentrale,DC=EON09,DC=local  -disabled yes
dsmod user CN=Testuser521,OU=Zentrale,DC=EON09,DC=local  -disabled yes
dsmod user CN=Testuser522,OU=Zentrale,DC=EON09,DC=local  -disabled yes
dsmod user CN=Testuser523,OU=Zentrale,DC=EON09,DC=local  -disabled yes
dsmod user CN=Testuser524,OU=Zentrale,DC=EON09,DC=local  -disabled yes
dsmod user CN=Testuser525,OU=Zentrale,DC=EON09,DC=local  -disabled yes
dsmod user CN=Testuser526,OU=Zentrale,DC=EON09,DC=local  -disabled yes
dsmod user CN=Testuser527,OU=Zentrale,DC=EON09,DC=local  -disabled yes
dsmod user CN=Testuser528,OU=Zentrale,DC=EON09,DC=local  -disabled yes
dsmod user CN=Testuser529,OU=Zentrale,DC=EON09,DC=local  -disabled yes
dsmod user CN=Testuser530,OU=Zentrale,DC=EON09,DC=local  -disabled yes
dsmod user CN=Testuser531,OU=Zentrale,DC=EON09,DC=local  -disabled yes
dsmod user CN=Testuser532,OU=Zentrale,DC=EON09,DC=local  -disabled yes
dsmod user CN=Testuser533,OU=Zentrale,DC=EON09,DC=local  -disabled yes
dsmod user CN=Testuser534,OU=Zentrale,DC=EON09,DC=local  -disabled yes
dsmod user CN=Testuser535,OU=Zentrale,DC=EON09,DC=local  -disabled yes
dsmod user CN=Testuser536,OU=Zentrale,DC=EON09,DC=local  -disabled yes
dsmod user CN=Testuser537,OU=Zentrale,DC=EON09,DC=local  -disabled yes
dsmod user CN=Testuser538,OU=Zentrale,DC=EON09,DC=local  -disabled yes
dsmod user CN=Testuser539,OU=Zentrale,DC=EON09,DC=local  -disabled yes
dsmod user CN=Testuser540,OU=Zentrale,DC=EON09,DC=local  -disabled yes
dsmod user CN=Testuser541,OU=Zentrale,DC=EON09,DC=local  -disabled yes
dsmod user CN=Testuser542,OU=Zentrale,DC=EON09,DC=local  -disabled yes
dsmod user CN=Testuser543,OU=Zentrale,DC=EON09,DC=local  -disabled yes
dsmod user CN=Testuser544,OU=Zentrale,DC=EON09,DC=local  -disabled yes
dsmod user CN=Testuser545,OU=Zentrale,DC=EON09,DC=local  -disabled yes
dsmod user CN=Testuser546,OU=Zentrale,DC=EON09,DC=local  -disabled yes
dsmod user CN=Testuser547,OU=Zentrale,DC=EON09,DC=local  -disabled yes
dsmod user CN=Testuser548,OU=Zentrale,DC=EON09,DC=local  -disabled yes
dsmod user CN=Testuser549,OU=Zentrale,DC=EON09,DC=local  -disabled yes
dsmod user CN=Testuser550,OU=Zentrale,DC=EON09,DC=local  -disabled yes
dsmod user CN=Testuser551,OU=Zentrale,DC=EON09,DC=local  -disabled yes
dsmod user CN=Testuser552,OU=Zentrale,DC=EON09,DC=local  -disabled yes
dsmod user CN=Testuser553,OU=Zentrale,DC=EON09,DC=local  -disabled yes
dsmod user CN=Testuser554,OU=Zentrale,DC=EON09,DC=local  -disabled yes
dsmod user CN=Testuser555,OU=Zentrale,DC=EON09,DC=local  -disabled yes
dsmod user CN=Testuser556,OU=Zentrale,DC=EON09,DC=local  -disabled yes
dsmod user CN=Testuser557,OU=Zentrale,DC=EON09,DC=local  -disabled yes
dsmod user CN=Testuser558,OU=Zentrale,DC=EON09,DC=local  -disabled yes
dsmod user CN=Testuser559,OU=Zentrale,DC=EON09,DC=local  -disabled yes
dsmod user CN=Testuser560,OU=Zentrale,DC=EON09,DC=local  -disabled yes
dsmod user CN=Testuser561,OU=Zentrale,DC=EON09,DC=local  -disabled yes
dsmod user CN=Testuser562,OU=Zentrale,DC=EON09,DC=local  -disabled yes
dsmod user CN=Testuser563,OU=Zentrale,DC=EON09,DC=local  -disabled yes
dsmod user CN=Testuser564,OU=Zentrale,DC=EON09,DC=local  -disabled yes
dsmod user CN=Testuser565,OU=Zentrale,DC=EON09,DC=local  -disabled yes
dsmod user CN=Testuser566,OU=Zentrale,DC=EON09,DC=local  -disabled yes
dsmod user CN=Testuser567,OU=Zentrale,DC=EON09,DC=local  -disabled yes
dsmod user CN=Testuser568,OU=Zentrale,DC=EON09,DC=local  -disabled yes
dsmod user CN=Testuser569,OU=Zentrale,DC=EON09,DC=local  -disabled yes
dsmod user CN=Testuser570,OU=Zentrale,DC=EON09,DC=local  -disabled yes
dsmod user CN=Testuser571,OU=Zentrale,DC=EON09,DC=local  -disabled yes
dsmod user CN=Testuser572,OU=Zentrale,DC=EON09,DC=local  -disabled yes
dsmod user CN=Testuser573,OU=Zentrale,DC=EON09,DC=local  -disabled yes
dsmod user CN=Testuser574,OU=Zentrale,DC=EON09,DC=local  -disabled yes
dsmod user CN=Testuser575,OU=Zentrale,DC=EON09,DC=local  -disabled yes
dsmod user CN=Testuser576,OU=Zentrale,DC=EON09,DC=local  -disabled yes
dsmod user CN=Testuser577,OU=Zentrale,DC=EON09,DC=local  -disabled yes
dsmod user CN=Testuser578,OU=Zentrale,DC=EON09,DC=local  -disabled yes
dsmod user CN=Testuser579,OU=Zentrale,DC=EON09,DC=local  -disabled yes
dsmod user CN=Testuser580,OU=Zentrale,DC=EON09,DC=local  -disabled yes
dsmod user CN=Testuser581,OU=Zentrale,DC=EON09,DC=local  -disabled yes
dsmod user CN=Testuser582,OU=Zentrale,DC=EON09,DC=local  -disabled yes
dsmod user CN=Testuser583,OU=Zentrale,DC=EON09,DC=local  -disabled yes
dsmod user CN=Testuser584,OU=Zentrale,DC=EON09,DC=local  -disabled yes
dsmod user CN=Testuser585,OU=Zentrale,DC=EON09,DC=local  -disabled yes
dsmod user CN=Testuser586,OU=Zentrale,DC=EON09,DC=local  -disabled yes
dsmod user CN=Testuser587,OU=Zentrale,DC=EON09,DC=local  -disabled yes
dsmod user CN=Testuser588,OU=Zentrale,DC=EON09,DC=local  -disabled yes
dsmod user CN=Testuser589,OU=Zentrale,DC=EON09,DC=local  -disabled yes
dsmod user CN=Testuser590,OU=Zentrale,DC=EON09,DC=local  -disabled yes
dsmod user CN=Testuser591,OU=Zentrale,DC=EON09,DC=local  -disabled yes
dsmod user CN=Testuser592,OU=Zentrale,DC=EON09,DC=local  -disabled yes
dsmod user CN=Testuser593,OU=Zentrale,DC=EON09,DC=local  -disabled yes
dsmod user CN=Testuser594,OU=Zentrale,DC=EON09,DC=local  -disabled yes
dsmod user CN=Testuser595,OU=Zentrale,DC=EON09,DC=local  -disabled yes
dsmod user CN=Testuser596,OU=Zentrale,DC=EON09,DC=local  -disabled yes
dsmod user CN=Testuser597,OU=Zentrale,DC=EON09,DC=local  -disabled yes
dsmod user CN=Testuser598,OU=Zentrale,DC=EON09,DC=local  -disabled yes
dsmod user CN=Testuser599,OU=Zentrale,DC=EON09,DC=local  -disabled yes
dsmod user CN=Testuser600,OU=Zentrale,DC=EON09,DC=local  -disabled yes
dsmod user CN=Testuser601,OU=Zentrale,DC=EON09,DC=local  -disabled yes
dsmod user CN=Testuser602,OU=Zentrale,DC=EON09,DC=local  -disabled yes
dsmod user CN=Testuser603,OU=Zentrale,DC=EON09,DC=local  -disabled yes
dsmod user CN=Testuser604,OU=Zentrale,DC=EON09,DC=local  -disabled yes
dsmod user CN=Testuser605,OU=Zentrale,DC=EON09,DC=local  -disabled yes
dsmod user CN=Testuser606,OU=Zentrale,DC=EON09,DC=local  -disabled yes
dsmod user CN=Testuser607,OU=Zentrale,DC=EON09,DC=local  -disabled yes
dsmod user CN=Testuser608,OU=Zentrale,DC=EON09,DC=local  -disabled yes
dsmod user CN=Testuser609,OU=Zentrale,DC=EON09,DC=local  -disabled yes
dsmod user CN=Testuser610,OU=Zentrale,DC=EON09,DC=local  -disabled yes
dsmod user CN=Testuser611,OU=Zentrale,DC=EON09,DC=local  -disabled yes
dsmod user CN=Testuser612,OU=Zentrale,DC=EON09,DC=local  -disabled yes
dsmod user CN=Testuser613,OU=Zentrale,DC=EON09,DC=local  -disabled yes
dsmod user CN=Testuser614,OU=Zentrale,DC=EON09,DC=local  -disabled yes
dsmod user CN=Testuser615,OU=Zentrale,DC=EON09,DC=local  -disabled yes
dsmod user CN=Testuser616,OU=Zentrale,DC=EON09,DC=local  -disabled yes
dsmod user CN=Testuser617,OU=Zentrale,DC=EON09,DC=local  -disabled yes
dsmod user CN=Testuser618,OU=Zentrale,DC=EON09,DC=local  -disabled yes
dsmod user CN=Testuser619,OU=Zentrale,DC=EON09,DC=local  -disabled yes
dsmod user CN=Testuser620,OU=Zentrale,DC=EON09,DC=local  -disabled yes
dsmod user CN=Testuser621,OU=Zentrale,DC=EON09,DC=local  -disabled yes
dsmod user CN=Testuser622,OU=Zentrale,DC=EON09,DC=local  -disabled yes
dsmod user CN=Testuser623,OU=Zentrale,DC=EON09,DC=local  -disabled yes
dsmod user CN=Testuser624,OU=Zentrale,DC=EON09,DC=local  -disabled yes
dsmod user CN=Testuser625,OU=Zentrale,DC=EON09,DC=local  -disabled yes
dsmod user CN=Testuser626,OU=Zentrale,DC=EON09,DC=local  -disabled yes
dsmod user CN=Testuser627,OU=Zentrale,DC=EON09,DC=local  -disabled yes
dsmod user CN=Testuser628,OU=Zentrale,DC=EON09,DC=local  -disabled yes
dsmod user CN=Testuser629,OU=Zentrale,DC=EON09,DC=local  -disabled yes
dsmod user CN=Testuser630,OU=Zentrale,DC=EON09,DC=local  -disabled yes
dsmod user CN=Testuser631,OU=Zentrale,DC=EON09,DC=local  -disabled yes
dsmod user CN=Testuser632,OU=Zentrale,DC=EON09,DC=local  -disabled yes
dsmod user CN=Testuser633,OU=Zentrale,DC=EON09,DC=local  -disabled yes
dsmod user CN=Testuser634,OU=Zentrale,DC=EON09,DC=local  -disabled yes
dsmod user CN=Testuser635,OU=Zentrale,DC=EON09,DC=local  -disabled yes
dsmod user CN=Testuser636,OU=Zentrale,DC=EON09,DC=local  -disabled yes
dsmod user CN=Testuser637,OU=Zentrale,DC=EON09,DC=local  -disabled yes
dsmod user CN=Testuser638,OU=Zentrale,DC=EON09,DC=local  -disabled yes
dsmod user CN=Testuser639,OU=Zentrale,DC=EON09,DC=local  -disabled yes
dsmod user CN=Testuser640,OU=Zentrale,DC=EON09,DC=local  -disabled yes
dsmod user CN=Testuser641,OU=Zentrale,DC=EON09,DC=local  -disabled yes
dsmod user CN=Testuser642,OU=Zentrale,DC=EON09,DC=local  -disabled yes
dsmod user CN=Testuser643,OU=Zentrale,DC=EON09,DC=local  -disabled yes
dsmod user CN=Testuser644,OU=Zentrale,DC=EON09,DC=local  -disabled yes
dsmod user CN=Testuser645,OU=Zentrale,DC=EON09,DC=local  -disabled yes
dsmod user CN=Testuser646,OU=Zentrale,DC=EON09,DC=local  -disabled yes
dsmod user CN=Testuser647,OU=Zentrale,DC=EON09,DC=local  -disabled yes
dsmod user CN=Testuser648,OU=Zentrale,DC=EON09,DC=local  -disabled yes
dsmod user CN=Testuser649,OU=Zentrale,DC=EON09,DC=local  -disabled yes
dsmod user CN=Testuser650,OU=Zentrale,DC=EON09,DC=local  -disabled yes
dsmod user CN=Testuser651,OU=Zentrale,DC=EON09,DC=local  -disabled yes
dsmod user CN=Testuser652,OU=Zentrale,DC=EON09,DC=local  -disabled yes
dsmod user CN=Testuser653,OU=Zentrale,DC=EON09,DC=local  -disabled yes
dsmod user CN=Testuser654,OU=Zentrale,DC=EON09,DC=local  -disabled yes
dsmod user CN=Testuser655,OU=Zentrale,DC=EON09,DC=local  -disabled yes
dsmod user CN=Testuser656,OU=Zentrale,DC=EON09,DC=local  -disabled yes
dsmod user CN=Testuser657,OU=Zentrale,DC=EON09,DC=local  -disabled yes
dsmod user CN=Testuser658,OU=Zentrale,DC=EON09,DC=local  -disabled yes
dsmod user CN=Testuser659,OU=Zentrale,DC=EON09,DC=local  -disabled yes
dsmod user CN=Testuser660,OU=Zentrale,DC=EON09,DC=local  -disabled yes
dsmod user CN=Testuser661,OU=Zentrale,DC=EON09,DC=local  -disabled yes
dsmod user CN=Testuser662,OU=Zentrale,DC=EON09,DC=local  -disabled yes
dsmod user CN=Testuser663,OU=Zentrale,DC=EON09,DC=local  -disabled yes
dsmod user CN=Testuser664,OU=Zentrale,DC=EON09,DC=local  -disabled yes
dsmod user CN=Testuser665,OU=Zentrale,DC=EON09,DC=local  -disabled yes
dsmod user CN=Testuser666,OU=Zentrale,DC=EON09,DC=local  -disabled yes
dsmod user CN=Testuser667,OU=Zentrale,DC=EON09,DC=local  -disabled yes
dsmod user CN=Testuser668,OU=Zentrale,DC=EON09,DC=local  -disabled yes
dsmod user CN=Testuser669,OU=Zentrale,DC=EON09,DC=local  -disabled yes
dsmod user CN=Testuser670,OU=Zentrale,DC=EON09,DC=local  -disabled yes
dsmod user CN=Testuser671,OU=Zentrale,DC=EON09,DC=local  -disabled yes
dsmod user CN=Testuser672,OU=Zentrale,DC=EON09,DC=local  -disabled yes
dsmod user CN=Testuser673,OU=Zentrale,DC=EON09,DC=local  -disabled yes
dsmod user CN=Testuser674,OU=Zentrale,DC=EON09,DC=local  -disabled yes
dsmod user CN=Testuser675,OU=Zentrale,DC=EON09,DC=local  -disabled yes
dsmod user CN=Testuser676,OU=Zentrale,DC=EON09,DC=local  -disabled yes
dsmod user CN=Testuser677,OU=Zentrale,DC=EON09,DC=local  -disabled yes
dsmod user CN=Testuser678,OU=Zentrale,DC=EON09,DC=local  -disabled yes
dsmod user CN=Testuser679,OU=Zentrale,DC=EON09,DC=local  -disabled yes
dsmod user CN=Testuser680,OU=Zentrale,DC=EON09,DC=local  -disabled yes
dsmod user CN=Testuser681,OU=Zentrale,DC=EON09,DC=local  -disabled yes
dsmod user CN=Testuser682,OU=Zentrale,DC=EON09,DC=local  -disabled yes
dsmod user CN=Testuser683,OU=Zentrale,DC=EON09,DC=local  -disabled yes
dsmod user CN=Testuser684,OU=Zentrale,DC=EON09,DC=local  -disabled yes
dsmod user CN=Testuser685,OU=Zentrale,DC=EON09,DC=local  -disabled yes
dsmod user CN=Testuser686,OU=Zentrale,DC=EON09,DC=local  -disabled yes
dsmod user CN=Testuser687,OU=Zentrale,DC=EON09,DC=local  -disabled yes
dsmod user CN=Testuser688,OU=Zentrale,DC=EON09,DC=local  -disabled yes
dsmod user CN=Testuser689,OU=Zentrale,DC=EON09,DC=local  -disabled yes
dsmod user CN=Testuser690,OU=Zentrale,DC=EON09,DC=local  -disabled yes
dsmod user CN=Testuser691,OU=Zentrale,DC=EON09,DC=local  -disabled yes
dsmod user CN=Testuser692,OU=Zentrale,DC=EON09,DC=local  -disabled yes
dsmod user CN=Testuser693,OU=Zentrale,DC=EON09,DC=local  -disabled yes
dsmod user CN=Testuser694,OU=Zentrale,DC=EON09,DC=local  -disabled yes
dsmod user CN=Testuser695,OU=Zentrale,DC=EON09,DC=local  -disabled yes
dsmod user CN=Testuser696,OU=Zentrale,DC=EON09,DC=local  -disabled yes
dsmod user CN=Testuser697,OU=Zentrale,DC=EON09,DC=local  -disabled yes
dsmod user CN=Testuser698,OU=Zentrale,DC=EON09,DC=local  -disabled yes
dsmod user CN=Testuser699,OU=Zentrale,DC=EON09,DC=local  -disabled yes
dsmod user CN=Testuser700,OU=Zentrale,DC=EON09,DC=local  -disabled yes
dsmod user CN=Testuser701,OU=Zentrale,DC=EON09,DC=local  -disabled yes
dsmod user CN=Testuser702,OU=Zentrale,DC=EON09,DC=local  -disabled yes
dsmod user CN=Testuser703,OU=Zentrale,DC=EON09,DC=local  -disabled yes
dsmod user CN=Testuser704,OU=Zentrale,DC=EON09,DC=local  -disabled yes
dsmod user CN=Testuser705,OU=Zentrale,DC=EON09,DC=local  -disabled yes
dsmod user CN=Testuser706,OU=Zentrale,DC=EON09,DC=local  -disabled yes
dsmod user CN=Testuser707,OU=Zentrale,DC=EON09,DC=local  -disabled yes
dsmod user CN=Testuser708,OU=Zentrale,DC=EON09,DC=local  -disabled yes
dsmod user CN=Testuser709,OU=Zentrale,DC=EON09,DC=local  -disabled yes
dsmod user CN=Testuser710,OU=Zentrale,DC=EON09,DC=local  -disabled yes
dsmod user CN=Testuser711,OU=Zentrale,DC=EON09,DC=local  -disabled yes
dsmod user CN=Testuser712,OU=Zentrale,DC=EON09,DC=local  -disabled yes
dsmod user CN=Testuser713,OU=Zentrale,DC=EON09,DC=local  -disabled yes
dsmod user CN=Testuser714,OU=Zentrale,DC=EON09,DC=local  -disabled yes
dsmod user CN=Testuser715,OU=Zentrale,DC=EON09,DC=local  -disabled yes
dsmod user CN=Testuser716,OU=Zentrale,DC=EON09,DC=local  -disabled yes
dsmod user CN=Testuser717,OU=Zentrale,DC=EON09,DC=local  -disabled yes
dsmod user CN=Testuser718,OU=Zentrale,DC=EON09,DC=local  -disabled yes
dsmod user CN=Testuser719,OU=Zentrale,DC=EON09,DC=local  -disabled yes
dsmod user CN=Testuser720,OU=Zentrale,DC=EON09,DC=local  -disabled yes
dsmod user CN=Testuser721,OU=Zentrale,DC=EON09,DC=local  -disabled yes
dsmod user CN=Testuser722,OU=Zentrale,DC=EON09,DC=local  -disabled yes
dsmod user CN=Testuser723,OU=Zentrale,DC=EON09,DC=local  -disabled yes
dsmod user CN=Testuser724,OU=Zentrale,DC=EON09,DC=local  -disabled yes
dsmod user CN=Testuser725,OU=Zentrale,DC=EON09,DC=local  -disabled yes
dsmod user CN=Testuser726,OU=Zentrale,DC=EON09,DC=local  -disabled yes
dsmod user CN=Testuser727,OU=Zentrale,DC=EON09,DC=local  -disabled yes
dsmod user CN=Testuser728,OU=Zentrale,DC=EON09,DC=local  -disabled yes
dsmod user CN=Testuser729,OU=Zentrale,DC=EON09,DC=local  -disabled yes
dsmod user CN=Testuser730,OU=Zentrale,DC=EON09,DC=local  -disabled yes
dsmod user CN=Testuser731,OU=Zentrale,DC=EON09,DC=local  -disabled yes
dsmod user CN=Testuser732,OU=Zentrale,DC=EON09,DC=local  -disabled yes
dsmod user CN=Testuser733,OU=Zentrale,DC=EON09,DC=local  -disabled yes
dsmod user CN=Testuser734,OU=Zentrale,DC=EON09,DC=local  -disabled yes
dsmod user CN=Testuser735,OU=Zentrale,DC=EON09,DC=local  -disabled yes
dsmod user CN=Testuser736,OU=Zentrale,DC=EON09,DC=local  -disabled yes
dsmod user CN=Testuser737,OU=Zentrale,DC=EON09,DC=local  -disabled yes
dsmod user CN=Testuser738,OU=Zentrale,DC=EON09,DC=local  -disabled yes
dsmod user CN=Testuser739,OU=Zentrale,DC=EON09,DC=local  -disabled yes
dsmod user CN=Testuser740,OU=Zentrale,DC=EON09,DC=local  -disabled yes
dsmod user CN=Testuser741,OU=Zentrale,DC=EON09,DC=local  -disabled yes
dsmod user CN=Testuser742,OU=Zentrale,DC=EON09,DC=local  -disabled yes
dsmod user CN=Testuser743,OU=Zentrale,DC=EON09,DC=local  -disabled yes
dsmod user CN=Testuser744,OU=Zentrale,DC=EON09,DC=local  -disabled yes
dsmod user CN=Testuser745,OU=Zentrale,DC=EON09,DC=local  -disabled yes
dsmod user CN=Testuser746,OU=Zentrale,DC=EON09,DC=local  -disabled yes
dsmod user CN=Testuser747,OU=Zentrale,DC=EON09,DC=local  -disabled yes
dsmod user CN=Testuser748,OU=Zentrale,DC=EON09,DC=local  -disabled yes
dsmod user CN=Testuser749,OU=Zentrale,DC=EON09,DC=local  -disabled yes
dsmod user CN=Testuser750,OU=Zentrale,DC=EON09,DC=local  -disabled yes
dsmod user CN=Testuser751,OU=Zentrale,DC=EON09,DC=local  -disabled yes
dsmod user CN=Testuser752,OU=Zentrale,DC=EON09,DC=local  -disabled yes
dsmod user CN=Testuser753,OU=Zentrale,DC=EON09,DC=local  -disabled yes
dsmod user CN=Testuser754,OU=Zentrale,DC=EON09,DC=local  -disabled yes
dsmod user CN=Testuser755,OU=Zentrale,DC=EON09,DC=local  -disabled yes
dsmod user CN=Testuser756,OU=Zentrale,DC=EON09,DC=local  -disabled yes
dsmod user CN=Testuser757,OU=Zentrale,DC=EON09,DC=local  -disabled yes
dsmod user CN=Testuser758,OU=Zentrale,DC=EON09,DC=local  -disabled yes
dsmod user CN=Testuser759,OU=Zentrale,DC=EON09,DC=local  -disabled yes
dsmod user CN=Testuser760,OU=Zentrale,DC=EON09,DC=local  -disabled yes
dsmod user CN=Testuser761,OU=Zentrale,DC=EON09,DC=local  -disabled yes
dsmod user CN=Testuser762,OU=Zentrale,DC=EON09,DC=local  -disabled yes
dsmod user CN=Testuser763,OU=Zentrale,DC=EON09,DC=local  -disabled yes
dsmod user CN=Testuser764,OU=Zentrale,DC=EON09,DC=local  -disabled yes
dsmod user CN=Testuser765,OU=Zentrale,DC=EON09,DC=local  -disabled yes
dsmod user CN=Testuser766,OU=Zentrale,DC=EON09,DC=local  -disabled yes
dsmod user CN=Testuser767,OU=Zentrale,DC=EON09,DC=local  -disabled yes
dsmod user CN=Testuser768,OU=Zentrale,DC=EON09,DC=local  -disabled yes
dsmod user CN=Testuser769,OU=Zentrale,DC=EON09,DC=local  -disabled yes
dsmod user CN=Testuser770,OU=Zentrale,DC=EON09,DC=local  -disabled yes
dsmod user CN=Testuser771,OU=Zentrale,DC=EON09,DC=local  -disabled yes
dsmod user CN=Testuser772,OU=Zentrale,DC=EON09,DC=local  -disabled yes
dsmod user CN=Testuser773,OU=Zentrale,DC=EON09,DC=local  -disabled yes
dsmod user CN=Testuser774,OU=Zentrale,DC=EON09,DC=local  -disabled yes
dsmod user CN=Testuser775,OU=Zentrale,DC=EON09,DC=local  -disabled yes
dsmod user CN=Testuser776,OU=Zentrale,DC=EON09,DC=local  -disabled yes
dsmod user CN=Testuser777,OU=Zentrale,DC=EON09,DC=local  -disabled yes
dsmod user CN=Testuser778,OU=Zentrale,DC=EON09,DC=local  -disabled yes
dsmod user CN=Testuser779,OU=Zentrale,DC=EON09,DC=local  -disabled yes
dsmod user CN=Testuser780,OU=Zentrale,DC=EON09,DC=local  -disabled yes
dsmod user CN=Testuser781,OU=Zentrale,DC=EON09,DC=local  -disabled yes
dsmod user CN=Testuser782,OU=Zentrale,DC=EON09,DC=local  -disabled yes
dsmod user CN=Testuser783,OU=Zentrale,DC=EON09,DC=local  -disabled yes
dsmod user CN=Testuser784,OU=Zentrale,DC=EON09,DC=local  -disabled yes
dsmod user CN=Testuser785,OU=Zentrale,DC=EON09,DC=local  -disabled yes
dsmod user CN=Testuser786,OU=Zentrale,DC=EON09,DC=local  -disabled yes
dsmod user CN=Testuser787,OU=Zentrale,DC=EON09,DC=local  -disabled yes
dsmod user CN=Testuser788,OU=Zentrale,DC=EON09,DC=local  -disabled yes
dsmod user CN=Testuser789,OU=Zentrale,DC=EON09,DC=local  -disabled yes
dsmod user CN=Testuser790,OU=Zentrale,DC=EON09,DC=local  -disabled yes
dsmod user CN=Testuser791,OU=Zentrale,DC=EON09,DC=local  -disabled yes
dsmod user CN=Testuser792,OU=Zentrale,DC=EON09,DC=local  -disabled yes
dsmod user CN=Testuser793,OU=Zentrale,DC=EON09,DC=local  -disabled yes
dsmod user CN=Testuser794,OU=Zentrale,DC=EON09,DC=local  -disabled yes
dsmod user CN=Testuser795,OU=Zentrale,DC=EON09,DC=local  -disabled yes
dsmod user CN=Testuser796,OU=Zentrale,DC=EON09,DC=local  -disabled yes
dsmod user CN=Testuser797,OU=Zentrale,DC=EON09,DC=local  -disabled yes
dsmod user CN=Testuser798,OU=Zentrale,DC=EON09,DC=local  -disabled yes
dsmod user CN=Testuser799,OU=Zentrale,DC=EON09,DC=local  -disabled yes
dsmod user CN=Testuser800,OU=Zentrale,DC=EON09,DC=local  -disabled yes
dsmod user CN=Testuser801,OU=Zentrale,DC=EON09,DC=local  -disabled yes
dsmod user CN=Testuser802,OU=Zentrale,DC=EON09,DC=local  -disabled yes
dsmod user CN=Testuser803,OU=Zentrale,DC=EON09,DC=local  -disabled yes
dsmod user CN=Testuser804,OU=Zentrale,DC=EON09,DC=local  -disabled yes
dsmod user CN=Testuser805,OU=Zentrale,DC=EON09,DC=local  -disabled yes
dsmod user CN=Testuser806,OU=Zentrale,DC=EON09,DC=local  -disabled yes
dsmod user CN=Testuser807,OU=Zentrale,DC=EON09,DC=local  -disabled yes
dsmod user CN=Testuser808,OU=Zentrale,DC=EON09,DC=local  -disabled yes
dsmod user CN=Testuser809,OU=Zentrale,DC=EON09,DC=local  -disabled yes
dsmod user CN=Testuser810,OU=Zentrale,DC=EON09,DC=local  -disabled yes
dsmod user CN=Testuser811,OU=Zentrale,DC=EON09,DC=local  -disabled yes
dsmod user CN=Testuser812,OU=Zentrale,DC=EON09,DC=local  -disabled yes
dsmod user CN=Testuser813,OU=Zentrale,DC=EON09,DC=local  -disabled yes
dsmod user CN=Testuser814,OU=Zentrale,DC=EON09,DC=local  -disabled yes
dsmod user CN=Testuser815,OU=Zentrale,DC=EON09,DC=local  -disabled yes
dsmod user CN=Testuser816,OU=Zentrale,DC=EON09,DC=local  -disabled yes
dsmod user CN=Testuser817,OU=Zentrale,DC=EON09,DC=local  -disabled yes
dsmod user CN=Testuser818,OU=Zentrale,DC=EON09,DC=local  -disabled yes
dsmod user CN=Testuser819,OU=Zentrale,DC=EON09,DC=local  -disabled yes
dsmod user CN=Testuser820,OU=Zentrale,DC=EON09,DC=local  -disabled yes
dsmod user CN=Testuser821,OU=Zentrale,DC=EON09,DC=local  -disabled yes
dsmod user CN=Testuser822,OU=Zentrale,DC=EON09,DC=local  -disabled yes
dsmod user CN=Testuser823,OU=Zentrale,DC=EON09,DC=local  -disabled yes
dsmod user CN=Testuser824,OU=Zentrale,DC=EON09,DC=local  -disabled yes
dsmod user CN=Testuser825,OU=Zentrale,DC=EON09,DC=local  -disabled yes
dsmod user CN=Testuser826,OU=Zentrale,DC=EON09,DC=local  -disabled yes
dsmod user CN=Testuser827,OU=Zentrale,DC=EON09,DC=local  -disabled yes
dsmod user CN=Testuser828,OU=Zentrale,DC=EON09,DC=local  -disabled yes
dsmod user CN=Testuser829,OU=Zentrale,DC=EON09,DC=local  -disabled yes
dsmod user CN=Testuser830,OU=Zentrale,DC=EON09,DC=local  -disabled yes
dsmod user CN=Testuser831,OU=Zentrale,DC=EON09,DC=local  -disabled yes
dsmod user CN=Testuser832,OU=Zentrale,DC=EON09,DC=local  -disabled yes
dsmod user CN=Testuser833,OU=Zentrale,DC=EON09,DC=local  -disabled yes
dsmod user CN=Testuser834,OU=Zentrale,DC=EON09,DC=local  -disabled yes
dsmod user CN=Testuser835,OU=Zentrale,DC=EON09,DC=local  -disabled yes
dsmod user CN=Testuser836,OU=Zentrale,DC=EON09,DC=local  -disabled yes
dsmod user CN=Testuser837,OU=Zentrale,DC=EON09,DC=local  -disabled yes
dsmod user CN=Testuser838,OU=Zentrale,DC=EON09,DC=local  -disabled yes
dsmod user CN=Testuser839,OU=Zentrale,DC=EON09,DC=local  -disabled yes
dsmod user CN=Testuser840,OU=Zentrale,DC=EON09,DC=local  -disabled yes
dsmod user CN=Testuser841,OU=Zentrale,DC=EON09,DC=local  -disabled yes
dsmod user CN=Testuser842,OU=Zentrale,DC=EON09,DC=local  -disabled yes
dsmod user CN=Testuser843,OU=Zentrale,DC=EON09,DC=local  -disabled yes
dsmod user CN=Testuser844,OU=Zentrale,DC=EON09,DC=local  -disabled yes
dsmod user CN=Testuser845,OU=Zentrale,DC=EON09,DC=local  -disabled yes
dsmod user CN=Testuser846,OU=Zentrale,DC=EON09,DC=local  -disabled yes
dsmod user CN=Testuser847,OU=Zentrale,DC=EON09,DC=local  -disabled yes
dsmod user CN=Testuser848,OU=Zentrale,DC=EON09,DC=local  -disabled yes
dsmod user CN=Testuser849,OU=Zentrale,DC=EON09,DC=local  -disabled yes
dsmod user CN=Testuser850,OU=Zentrale,DC=EON09,DC=local  -disabled yes
dsmod user CN=Testuser851,OU=Zentrale,DC=EON09,DC=local  -disabled yes
dsmod user CN=Testuser852,OU=Zentrale,DC=EON09,DC=local  -disabled yes
dsmod user CN=Testuser853,OU=Zentrale,DC=EON09,DC=local  -disabled yes
dsmod user CN=Testuser854,OU=Zentrale,DC=EON09,DC=local  -disabled yes
dsmod user CN=Testuser855,OU=Zentrale,DC=EON09,DC=local  -disabled yes
dsmod user CN=Testuser856,OU=Zentrale,DC=EON09,DC=local  -disabled yes
dsmod user CN=Testuser857,OU=Zentrale,DC=EON09,DC=local  -disabled yes
dsmod user CN=Testuser858,OU=Zentrale,DC=EON09,DC=local  -disabled yes
dsmod user CN=Testuser859,OU=Zentrale,DC=EON09,DC=local  -disabled yes
dsmod user CN=Testuser860,OU=Zentrale,DC=EON09,DC=local  -disabled yes
dsmod user CN=Testuser861,OU=Zentrale,DC=EON09,DC=local  -disabled yes
dsmod user CN=Testuser862,OU=Zentrale,DC=EON09,DC=local  -disabled yes
dsmod user CN=Testuser863,OU=Zentrale,DC=EON09,DC=local  -disabled yes
dsmod user CN=Testuser864,OU=Zentrale,DC=EON09,DC=local  -disabled yes
dsmod user CN=Testuser865,OU=Zentrale,DC=EON09,DC=local  -disabled yes
dsmod user CN=Testuser866,OU=Zentrale,DC=EON09,DC=local  -disabled yes
dsmod user CN=Testuser867,OU=Zentrale,DC=EON09,DC=local  -disabled yes
dsmod user CN=Testuser868,OU=Zentrale,DC=EON09,DC=local  -disabled yes
dsmod user CN=Testuser869,OU=Zentrale,DC=EON09,DC=local  -disabled yes
dsmod user CN=Testuser870,OU=Zentrale,DC=EON09,DC=local  -disabled yes
dsmod user CN=Testuser871,OU=Zentrale,DC=EON09,DC=local  -disabled yes
dsmod user CN=Testuser872,OU=Zentrale,DC=EON09,DC=local  -disabled yes
dsmod user CN=Testuser873,OU=Zentrale,DC=EON09,DC=local  -disabled yes
dsmod user CN=Testuser874,OU=Zentrale,DC=EON09,DC=local  -disabled yes
dsmod user CN=Testuser875,OU=Zentrale,DC=EON09,DC=local  -disabled yes
dsmod user CN=Testuser876,OU=Zentrale,DC=EON09,DC=local  -disabled yes
dsmod user CN=Testuser877,OU=Zentrale,DC=EON09,DC=local  -disabled yes
dsmod user CN=Testuser878,OU=Zentrale,DC=EON09,DC=local  -disabled yes
dsmod user CN=Testuser879,OU=Zentrale,DC=EON09,DC=local  -disabled yes
dsmod user CN=Testuser880,OU=Zentrale,DC=EON09,DC=local  -disabled yes
dsmod user CN=Testuser881,OU=Zentrale,DC=EON09,DC=local  -disabled yes
dsmod user CN=Testuser882,OU=Zentrale,DC=EON09,DC=local  -disabled yes
dsmod user CN=Testuser883,OU=Zentrale,DC=EON09,DC=local  -disabled yes
dsmod user CN=Testuser884,OU=Zentrale,DC=EON09,DC=local  -disabled yes
dsmod user CN=Testuser885,OU=Zentrale,DC=EON09,DC=local  -disabled yes
dsmod user CN=Testuser886,OU=Zentrale,DC=EON09,DC=local  -disabled yes
dsmod user CN=Testuser887,OU=Zentrale,DC=EON09,DC=local  -disabled yes
dsmod user CN=Testuser888,OU=Zentrale,DC=EON09,DC=local  -disabled yes
dsmod user CN=Testuser889,OU=Zentrale,DC=EON09,DC=local  -disabled yes
dsmod user CN=Testuser890,OU=Zentrale,DC=EON09,DC=local  -disabled yes
dsmod user CN=Testuser891,OU=Zentrale,DC=EON09,DC=local  -disabled yes
dsmod user CN=Testuser892,OU=Zentrale,DC=EON09,DC=local  -disabled yes
dsmod user CN=Testuser893,OU=Zentrale,DC=EON09,DC=local  -disabled yes
dsmod user CN=Testuser894,OU=Zentrale,DC=EON09,DC=local  -disabled yes
dsmod user CN=Testuser895,OU=Zentrale,DC=EON09,DC=local  -disabled yes
dsmod user CN=Testuser896,OU=Zentrale,DC=EON09,DC=local  -disabled yes
dsmod user CN=Testuser897,OU=Zentrale,DC=EON09,DC=local  -disabled yes
dsmod user CN=Testuser898,OU=Zentrale,DC=EON09,DC=local  -disabled yes
dsmod user CN=Testuser899,OU=Zentrale,DC=EON09,DC=local  -disabled yes
dsmod user CN=Testuser900,OU=Zentrale,DC=EON09,DC=local  -disabled yes
dsmod user CN=Testuser901,OU=Zentrale,DC=EON09,DC=local  -disabled yes
dsmod user CN=Testuser902,OU=Zentrale,DC=EON09,DC=local  -disabled yes
dsmod user CN=Testuser903,OU=Zentrale,DC=EON09,DC=local  -disabled yes
dsmod user CN=Testuser904,OU=Zentrale,DC=EON09,DC=local  -disabled yes
dsmod user CN=Testuser905,OU=Zentrale,DC=EON09,DC=local  -disabled yes
dsmod user CN=Testuser906,OU=Zentrale,DC=EON09,DC=local  -disabled yes
dsmod user CN=Testuser907,OU=Zentrale,DC=EON09,DC=local  -disabled yes
dsmod user CN=Testuser908,OU=Zentrale,DC=EON09,DC=local  -disabled yes
dsmod user CN=Testuser909,OU=Zentrale,DC=EON09,DC=local  -disabled yes
dsmod user CN=Testuser910,OU=Zentrale,DC=EON09,DC=local  -disabled yes
dsmod user CN=Testuser911,OU=Zentrale,DC=EON09,DC=local  -disabled yes
dsmod user CN=Testuser912,OU=Zentrale,DC=EON09,DC=local  -disabled yes
dsmod user CN=Testuser913,OU=Zentrale,DC=EON09,DC=local  -disabled yes
dsmod user CN=Testuser914,OU=Zentrale,DC=EON09,DC=local  -disabled yes
dsmod user CN=Testuser915,OU=Zentrale,DC=EON09,DC=local  -disabled yes
dsmod user CN=Testuser916,OU=Zentrale,DC=EON09,DC=local  -disabled yes
dsmod user CN=Testuser917,OU=Zentrale,DC=EON09,DC=local  -disabled yes
dsmod user CN=Testuser918,OU=Zentrale,DC=EON09,DC=local  -disabled yes
dsmod user CN=Testuser919,OU=Zentrale,DC=EON09,DC=local  -disabled yes
dsmod user CN=Testuser920,OU=Zentrale,DC=EON09,DC=local  -disabled yes
dsmod user CN=Testuser921,OU=Zentrale,DC=EON09,DC=local  -disabled yes
dsmod user CN=Testuser922,OU=Zentrale,DC=EON09,DC=local  -disabled yes
dsmod user CN=Testuser923,OU=Zentrale,DC=EON09,DC=local  -disabled yes
dsmod user CN=Testuser924,OU=Zentrale,DC=EON09,DC=local  -disabled yes
dsmod user CN=Testuser925,OU=Zentrale,DC=EON09,DC=local  -disabled yes
dsmod user CN=Testuser926,OU=Zentrale,DC=EON09,DC=local  -disabled yes
dsmod user CN=Testuser927,OU=Zentrale,DC=EON09,DC=local  -disabled yes
dsmod user CN=Testuser928,OU=Zentrale,DC=EON09,DC=local  -disabled yes
dsmod user CN=Testuser929,OU=Zentrale,DC=EON09,DC=local  -disabled yes
dsmod user CN=Testuser930,OU=Zentrale,DC=EON09,DC=local  -disabled yes
dsmod user CN=Testuser931,OU=Zentrale,DC=EON09,DC=local  -disabled yes
dsmod user CN=Testuser932,OU=Zentrale,DC=EON09,DC=local  -disabled yes
dsmod user CN=Testuser933,OU=Zentrale,DC=EON09,DC=local  -disabled yes
dsmod user CN=Testuser934,OU=Zentrale,DC=EON09,DC=local  -disabled yes
dsmod user CN=Testuser935,OU=Zentrale,DC=EON09,DC=local  -disabled yes
dsmod user CN=Testuser936,OU=Zentrale,DC=EON09,DC=local  -disabled yes
dsmod user CN=Testuser937,OU=Zentrale,DC=EON09,DC=local  -disabled yes
dsmod user CN=Testuser938,OU=Zentrale,DC=EON09,DC=local  -disabled yes
dsmod user CN=Testuser939,OU=Zentrale,DC=EON09,DC=local  -disabled yes
dsmod user CN=Testuser940,OU=Zentrale,DC=EON09,DC=local  -disabled yes
dsmod user CN=Testuser941,OU=Zentrale,DC=EON09,DC=local  -disabled yes
dsmod user CN=Testuser942,OU=Zentrale,DC=EON09,DC=local  -disabled yes
dsmod user CN=Testuser943,OU=Zentrale,DC=EON09,DC=local  -disabled yes
dsmod user CN=Testuser944,OU=Zentrale,DC=EON09,DC=local  -disabled yes
dsmod user CN=Testuser945,OU=Zentrale,DC=EON09,DC=local  -disabled yes
dsmod user CN=Testuser946,OU=Zentrale,DC=EON09,DC=local  -disabled yes
dsmod user CN=Testuser947,OU=Zentrale,DC=EON09,DC=local  -disabled yes
dsmod user CN=Testuser948,OU=Zentrale,DC=EON09,DC=local  -disabled yes
dsmod user CN=Testuser949,OU=Zentrale,DC=EON09,DC=local  -disabled yes
dsmod user CN=Testuser950,OU=Zentrale,DC=EON09,DC=local  -disabled yes
dsmod user CN=Testuser951,OU=Zentrale,DC=EON09,DC=local  -disabled yes
dsmod user CN=Testuser952,OU=Zentrale,DC=EON09,DC=local  -disabled yes
dsmod user CN=Testuser953,OU=Zentrale,DC=EON09,DC=local  -disabled yes
dsmod user CN=Testuser954,OU=Zentrale,DC=EON09,DC=local  -disabled yes
dsmod user CN=Testuser955,OU=Zentrale,DC=EON09,DC=local  -disabled yes
dsmod user CN=Testuser956,OU=Zentrale,DC=EON09,DC=local  -disabled yes
dsmod user CN=Testuser957,OU=Zentrale,DC=EON09,DC=local  -disabled yes
dsmod user CN=Testuser958,OU=Zentrale,DC=EON09,DC=local  -disabled yes
dsmod user CN=Testuser959,OU=Zentrale,DC=EON09,DC=local  -disabled yes
dsmod user CN=Testuser960,OU=Zentrale,DC=EON09,DC=local  -disabled yes
dsmod user CN=Testuser961,OU=Zentrale,DC=EON09,DC=local  -disabled yes
dsmod user CN=Testuser962,OU=Zentrale,DC=EON09,DC=local  -disabled yes
dsmod user CN=Testuser963,OU=Zentrale,DC=EON09,DC=local  -disabled yes
dsmod user CN=Testuser964,OU=Zentrale,DC=EON09,DC=local  -disabled yes
dsmod user CN=Testuser965,OU=Zentrale,DC=EON09,DC=local  -disabled yes
dsmod user CN=Testuser966,OU=Zentrale,DC=EON09,DC=local  -disabled yes
dsmod user CN=Testuser967,OU=Zentrale,DC=EON09,DC=local  -disabled yes
dsmod user CN=Testuser968,OU=Zentrale,DC=EON09,DC=local  -disabled yes
dsmod user CN=Testuser969,OU=Zentrale,DC=EON09,DC=local  -disabled yes
dsmod user CN=Testuser970,OU=Zentrale,DC=EON09,DC=local  -disabled yes
dsmod user CN=Testuser971,OU=Zentrale,DC=EON09,DC=local  -disabled yes
dsmod user CN=Testuser972,OU=Zentrale,DC=EON09,DC=local  -disabled yes
dsmod user CN=Testuser973,OU=Zentrale,DC=EON09,DC=local  -disabled yes
dsmod user CN=Testuser974,OU=Zentrale,DC=EON09,DC=local  -disabled yes
dsmod user CN=Testuser975,OU=Zentrale,DC=EON09,DC=local  -disabled yes
dsmod user CN=Testuser976,OU=Zentrale,DC=EON09,DC=local  -disabled yes
dsmod user CN=Testuser977,OU=Zentrale,DC=EON09,DC=local  -disabled yes
dsmod user CN=Testuser978,OU=Zentrale,DC=EON09,DC=local  -disabled yes
dsmod user CN=Testuser979,OU=Zentrale,DC=EON09,DC=local  -disabled yes
dsmod user CN=Testuser980,OU=Zentrale,DC=EON09,DC=local  -disabled yes
dsmod user CN=Testuser981,OU=Zentrale,DC=EON09,DC=local  -disabled yes
dsmod user CN=Testuser982,OU=Zentrale,DC=EON09,DC=local  -disabled yes
dsmod user CN=Testuser983,OU=Zentrale,DC=EON09,DC=local  -disabled yes
dsmod user CN=Testuser984,OU=Zentrale,DC=EON09,DC=local  -disabled yes
dsmod user CN=Testuser985,OU=Zentrale,DC=EON09,DC=local  -disabled yes
dsmod user CN=Testuser986,OU=Zentrale,DC=EON09,DC=local  -disabled yes
dsmod user CN=Testuser987,OU=Zentrale,DC=EON09,DC=local  -disabled yes
dsmod user CN=Testuser988,OU=Zentrale,DC=EON09,DC=local  -disabled yes
dsmod user CN=Testuser989,OU=Zentrale,DC=EON09,DC=local  -disabled yes
dsmod user CN=Testuser990,OU=Zentrale,DC=EON09,DC=local  -disabled yes
dsmod user CN=Testuser991,OU=Zentrale,DC=EON09,DC=local  -disabled yes
dsmod user CN=Testuser992,OU=Zentrale,DC=EON09,DC=local  -disabled yes
dsmod user CN=Testuser993,OU=Zentrale,DC=EON09,DC=local  -disabled yes
dsmod user CN=Testuser994,OU=Zentrale,DC=EON09,DC=local  -disabled yes
dsmod user CN=Testuser995,OU=Zentrale,DC=EON09,DC=local  -disabled yes
dsmod user CN=Testuser996,OU=Zentrale,DC=EON09,DC=local  -disabled yes
dsmod user CN=Testuser997,OU=Zentrale,DC=EON09,DC=local  -disabled yes
dsmod user CN=Testuser998,OU=Zentrale,DC=EON09,DC=local  -disabled yes
dsmod user CN=Testuser999,OU=Zentrale,DC=EON09,DC=local  -disabled yes
dsmod user CN=Testuser1000,OU=Zentrale,DC=EON09,DC=local  -disabled yes
